{"camera_matrix": [[1764.93665367652, 0.0, 1039.4034618617363], [0.0, 1763.207933362835, 790.8383467625663], [0.0, 0.0, 1.0]], "distortion_coefficients": [[-0.17982302721928944, 0.12709101119157393, -0.00132634133442751, 0.00014098287669547669, -0.04769233753924224]], "image_width": 2048, "image_height": 1536}